country,year,gdp_per_capita,population_growth,urban_population_pct,life_expectancy,electricity_access_pct,inflation_pct,unemployment_pct
Burundi,2015,254.4025852,2.268517293,14.66950855,60.107,7.9,5.544688913,1.449
Burundi,2016,232.9378121,1.72186004,15.61809056,60.789,8.5,5.557689614,1.352
Burundi,2017,246.0607257,2.350486271,16.62412739,61.345,9.3,16.0525353,1.25
Burundi,2018,245.6616783,3.018981828,17.6820222,61.806,9.5,-2.814698077,1.147
Burundi,2019,234.3106159,3.283675314,18.78617815,62.18,9.8,-0.686772171,1.043
Burundi,2020,252.7024528,2.908653025,19.93099843,62.569,9.1,7.321106434,1.03
Burundi,2021,264.1728441,2.724255395,21.11088619,62.101,10.2,8.404538451,1.118
Burundi,2022,301.8322558,2.705850089,22.3202446,62.882,10.3,18.80087867,0.909
Central African Republic,2015,366.3228539,0.132677645,39.98244213,51.934,12.7,1.402970171,5.775
Central African Republic,2016,387.1762034,1.805532372,40.38087117,50.999,13.4,4.945432761,5.793
Central African Republic,2017,432.3240257,1.679781553,40.81514434,45.231,14.1,4.180723319,5.836
Central African Republic,2018,455.2439629,1.760684876,41.28246662,52.297,14.6,1.61215687,5.825
Central African Republic,2019,449.2284676,1.344692553,41.78004304,31.53,14.3,2.685373553,5.916
Central African Republic,2020,462.8790713,1.643247897,42.30507859,50.596,15.4,1.710156595,6.519
Central African Republic,2021,492.2631428,1.686089712,42.85477829,40.279,15.7,4.259364175,6.701
Central African Republic,2022,467.359825,-0.275432272,43.27519675,18.818,15.7,5.583167352,6.287
Chad,2015,993.9907306,3.183361057,22.80112588,51.32,7.7,4.377126651,1.032
Chad,2016,861.8317676,3.138686976,23.11197347,51.603,9.2,-0.792440525,1.091
Chad,2017,854.4612004,3.306395837,23.46134947,51.875,10.9,-1.53709963,1.132
Chad,2018,948.6566299,3.359560287,23.84860849,52.447,10.1,4.274621986,1.135
Chad,2019,893.3364416,3.21991132,24.27310474,52.993,8.4,-0.971939175,1.077
Chad,2020,866.9478149,3.181970361,24.73419218,53.082,10.9,4.464144372,1.695
Chad,2021,946.3585002,3.444238694,25.23122464,53.136,11.3,-0.77284437,1.53
Chad,2022,966.0364683,3.456689111,25.76355586,54.528,11.7,5.788026878,1.081
"Congo, Dem. Rep.",2015,495.826633,3.302243427,41.34357644,58.658,16.6,0.744198995,4.441
"Congo, Dem. Rep.",2016,459.7650366,3.541008232,41.72904838,59.081,17.3,2.885851073,4.528
"Congo, Dem. Rep.",2017,431.0525591,3.656846206,42.11275794,59.495,18,nan,4.613
"Congo, Dem. Rep.",2018,518.1696269,3.347265084,42.49465992,59.926,18.7,nan,4.632
"Congo, Dem. Rep.",2019,504.0041914,3.169528558,42.87470909,60.242,19.1,nan,4.605
"Congo, Dem. Rep.",2020,486.4255727,3.220980492,43.25286025,60.428,20.1,nan,5.355
"Congo, Dem. Rep.",2021,595.7430744,3.237908481,43.62906818,60.044,20.8,nan,5.289
"Congo, Dem. Rep.",2022,687.7385876,3.223401944,44.00328766,60.979,21.5,nan,4.54
"Egypt, Arab Rep.",2015,3306.981594,2.098925548,42.60563141,70.135,99.3,10.37049034,13.052
"Egypt, Arab Rep.",2016,3270.628777,2.034682949,42.52107173,70.437,100,13.81360621,12.45
"Egypt, Arab Rep.",2017,2395.103333,1.998178439,42.44860087,70.709,100,29.50660839,11.767
"Egypt, Arab Rep.",2018,2484.703156,1.897138318,42.45771774,70.974,100,14.40146578,9.855
"Egypt, Arab Rep.",2019,2962.98892,1.754974382,42.48120273,71.213,100,9.152799593,7.851
"Egypt, Arab Rep.",2020,3511.11381,1.62495387,42.51815346,69.79,100,5.04493289,7.974
"Egypt, Arab Rep.",2021,3827.354154,1.490805391,42.56860626,68.976,100,5.214049405,7.441
"Egypt, Arab Rep.",2022,4233.307837,1.486096975,42.6325129,71.01,100,13.89566098,6.546
Eritrea,2015,nan,0.334574416,35.59100723,65.909,45.8,nan,5.751
Eritrea,2016,nan,0.614809318,35.52542877,66.242,46.9,nan,5.772
Eritrea,2017,nan,0.817496698,35.44271469,66.612,48,nan,5.804
Eritrea,2018,nan,1.337314098,35.34510422,66.979,49.1,nan,5.756
Eritrea,2019,nan,1.474745807,35.23523331,67.306,50.3,nan,5.812
Eritrea,2020,nan,1.564060781,35.11613846,66.98,51.4,nan,6.375
Eritrea,2021,nan,1.774115885,34.98711395,66.94,52.5,nan,6.489
Eritrea,2022,nan,1.753513685,34.84692764,67.789,55.4,nan,6.033
Ethiopia,2015,597.9121132,2.684801861,19.4515667,63.592,29,9.56889956,2.442
Ethiopia,2016,641.6515233,2.707882508,19.87636185,64.162,42.9,6.628133372,2.556
Ethiopia,2017,696.3484291,2.725240971,20.30848503,64.766,44.3,10.68711503,2.665
Ethiopia,2018,739.7020223,2.696751795,20.78380966,65.257,44.8,13.83303566,2.811
Ethiopia,2019,793.4732472,2.691239783,21.24867058,65.741,48,15.80963217,2.928
Ethiopia,2020,829.7909826,2.710772848,21.62600517,65.969,51.1,20.35634686,3.998
Ethiopia,2021,893.0098354,2.672495388,22.10670853,65.33,54.2,26.83952216,3.935
Ethiopia,2022,982.1031615,2.622695009,22.73676872,66.897,55,33.88987971,3.386
Ghana,2015,1722.772828,2.307127331,53.62264152,63.175,74,17.1499695,6.806
Ghana,2016,1912.479913,2.276212039,54.16705276,63.522,79.3,17.45463471,5.256
Ghana,2017,2012.286626,2.195357928,54.69914198,63.829,79,12.37192155,3.369
Ghana,2018,2195.32166,2.075171366,55.21847757,64.138,80.4,7.808765166,3.204
Ghana,2019,2186.658227,2.0078052,55.72462791,64.455,83.5,7.143640033,3.067
Ghana,2020,2195.454817,1.991819851,56.2171614,64.309,85.4,9.887289563,3.178
Ghana,2021,2445.186625,1.959045844,56.69525568,64.286,86.3,9.971088675,3.2
Ghana,2022,2229.891227,1.920290343,57.2506096,65.246,85.1,31.2558951,2.87
Kenya,2015,1489.119598,2.227032943,31.7338026,62.279,41.6,6.582154293,2.762
Kenya,2016,1554.126103,2.207756846,31.65025201,62.526,53.1,6.297249538,2.757
Kenya,2017,1667.484472,2.17412855,31.53836508,62.725,55.8,8.005649677,3.542
Kenya,2018,1836.452755,2.030837442,31.39400416,62.825,61.2,4.689806468,4.284
Kenya,2019,1960.408089,1.963815498,31.18955664,62.939,69.7,5.239637958,5.014
Kenya,2020,1927.66459,1.961976337,31.20634946,61.596,71.5,5.405162079,5.613
Kenya,2021,2061.356221,1.900408589,31.2879334,61.225,76.5,6.107936037,5.693
Kenya,2022,2109.562885,1.922976082,31.43078201,63.549,76,7.659862683,5.565
Libya,2015,7458.489178,1.613838978,87.81591034,71.644,73.8,10.40229336,19.69
Libya,2016,7525.802993,1.523995146,87.81600567,71.799,72.2,25.85387421,19.559
Libya,2017,9965.832367,1.595199924,87.81667299,72.721,70.6,25.80361848,19.053
Libya,2018,11196.58548,1.623327086,87.81848428,73.151,67,13.17020385,18.865
Libya,2019,9963.194891,1.477959507,87.82201152,72.941,68.5,-2.162178835,19.087
Libya,2020,6650.338106,1.348449803,87.82782671,72.388,69.4,1.44703657,19.651
Libya,2021,4935.827873,1.266199795,87.83650183,72.062,70.2,2.868330278,19.779
Libya,2022,5986.636949,1.234504479,87.84860886,74.462,70,4.510301492,19.238
Morocco,2015,3146.247803,1.170756399,60.64171247,72.894,97.3,1.557907113,9.46
Morocco,2016,3140.855469,1.194507263,60.96576565,73.228,97.8,1.635311143,9.3
Morocco,2017,3296.526611,1.200343364,61.2761057,73.608,100,0.754663249,9.22
Morocco,2018,3501.697998,1.103642101,61.56958228,73.946,98.1,1.803916711,9.272
Morocco,2019,3508.097656,1.030223159,61.84304502,74.245,99.6,0.303386037,9.191
Morocco,2020,3268.030273,1.025654864,62.0933436,73.133,100,0.705968661,11.189
Morocco,2021,3785.936279,1.006918479,62.31732766,73.385,100,1.40195884,10.551
Morocco,2022,3463.137695,1.008636227,62.51184686,75.161,100,6.657042028,9.413
Nigeria,2015,2585.733607,2.536173486,55.73256821,51.939,52.5,9.00943498,4.134
Nigeria,2016,2070.412734,2.471832391,56.54103879,52.189,59.3,15.69681264,4.499
Nigeria,2017,1876.340271,2.431709369,57.34863456,52.397,54.4,16.50226621,4.83
Nigeria,2018,2057.879446,2.31217263,58.15533475,52.669,56.5,12.09510652,5.069
Nigeria,2019,3189.812865,2.194401923,58.96111864,53.009,55.4,11.39642234,5.206
Nigeria,2020,2797.184581,2.130297143,59.76596548,53.072,55.4,13.24602343,5.714
Nigeria,2021,2787.487792,2.096186852,60.56985454,53.455,59.5,16.95284572,5.404
Nigeria,2022,2899.160475,2.092816871,61.37276506,54.079,60.5,18.84718778,3.827
Rwanda,2015,725.6914187,2.393225669,18.19531499,65.419,22.8,2.528502842,11.831
Rwanda,2016,721.2585158,2.369978668,19.12139518,65.733,29.4,7.17434302,11.788
Rwanda,2017,751.0490395,2.345567092,20.24775681,66.14,34.1,8.279536723,11.875
Rwanda,2018,772.754983,2.316307296,21.54184446,66.354,38,-0.31121016,10.759
Rwanda,2019,823.3553041,2.280860997,22.9711027,66.691,46.6,3.34787655,11.236
Rwanda,2020,802.6386869,2.242448834,24.50297611,66.953,45.2,9.850399023,11.829
Rwanda,2021,842.5814929,2.190935352,26.10490928,66.85,48.7,-0.391346748,15.775
Rwanda,2022,1007.059893,2.190466192,27.78067027,67.528,50.6,17.68920956,15.084
"Somalia, Fed. Rep.",2015,445.5830801,3.444414629,43.86181074,55.056,51.2,nan,18.495
"Somalia, Fed. Rep.",2016,460.9284906,3.848910334,45.94284273,55.283,51.1,nan,18.611
"Somalia, Fed. Rep.",2017,510.9399523,3.881449744,48.363963,52.19,52.1,nan,18.455
"Somalia, Fed. Rep.",2018,509.4972738,3.529333035,50.95062153,54.767,50.7,nan,18.7
"Somalia, Fed. Rep.",2019,539.9548162,3.675257745,51.64211707,57.249,49.2,nan,18.828
"Somalia, Fed. Rep.",2020,518.1611333,3.795920669,52.28631801,57.095,49.9,nan,19.414
"Somalia, Fed. Rep.",2021,549.0569948,3.657200378,52.90606497,55.703,49.3,nan,19.662
"Somalia, Fed. Rep.",2022,573.1411658,3.025127548,53.50101159,53.931,48.9,nan,19.112
South Africa,2015,6112.273825,2.009888402,63.20963499,64.053,85.3,4.518690949,25.149
South Africa,2016,5651.205852,0.940521898,63.27509734,64.749,83.9,6.602908424,26.536
South Africa,2017,6618.335083,0.653837463,63.33110783,65.422,84.4,5.186186555,27.035
South Africa,2018,6914.178032,1.68236992,63.37715452,65.726,84.7,4.509872649,26.906
South Africa,2019,6533.71121,1.649574955,63.4127255,66.071,85,4.102850755,28.468
South Africa,2020,5580.603831,1.622164314,63.43730883,65.15,90,3.232388316,29.217
South Africa,2021,6828.756246,1.540557438,63.45039259,62.01,89.3,4.618745449,34.007
South Africa,2022,6534.248678,1.41397228,63.47666992,65.454,86.5,7.039872725,33.268
South Sudan,2015,1080.147186,-1.141435557,18.80926196,39.757,4.8,52.76633042,12.464
South Sudan,2016,nan,-2.529656835,19.07694766,36.72,5.3,379.9995856,12.854
South Sudan,2017,nan,-5.415909905,19.34899272,35.351,4.2,187.8516303,12.983
South Sudan,2018,nan,-1.336258964,19.62541439,51.905,6.3,83.50152949,12.853
South Sudan,2019,nan,2.924395312,19.90622992,58.129,6.8,87.24136415,12.656
South Sudan,2020,nan,2.60487165,20.19145655,57.648,7.3,29.67584355,14.246
South Sudan,2021,nan,1.551794111,20.48111153,57.047,7.7,10.51671583,13.95
South Sudan,2022,nan,1.420020255,20.7752121,57.203,8.4,-6.687320942,12.475
Tanzania,2015,939.1273193,3.261810423,31.20615666,63.928,26.2,5.58816953,2.009
Tanzania,2016,953.0107422,3.407295314,31.75773032,64.404,32.8,5.174766293,1.931
Tanzania,2017,986.6740112,3.341430221,32.29870133,64.963,32.1,5.318716052,1.854
Tanzania,2018,1023.106262,3.155721138,32.8287423,65.488,34.9,3.494458489,1.792
Tanzania,2019,1063.32251,2.980609394,33.34752585,66.007,37.7,3.46428058,1.735
Tanzania,2020,1117.415283,2.993051688,33.8547246,66.771,39.9,3.290290628,1.792
Tanzania,2021,1159.856567,3.001139348,34.35001118,66.131,42.7,3.690919588,1.876
Tanzania,2022,1207.52063,2.950466584,34.82347364,66.879,45.8,4.350272043,1.573
Uganda,2015,862.9346104,3.073292939,24.97778566,63.831,18.5,5.589686063,2.681
Uganda,2016,752.6965717,3.321924914,25.69535671,64.494,26.7,5.706375046,3.002
Uganda,2017,765.2183323,3.490595909,26.41392606,65.174,32.4,5.209717059,3.428
Uganda,2018,792.1657002,3.397410976,27.1280475,65.775,41.9,2.61601191,3.249
Uganda,2019,822.17115,3.391321423,27.83697818,66.354,41.3,2.867588034,3.057
Uganda,2020,845.7664639,3.333417511,28.53997523,66.41,42.1,3.313322895,3.819
Uganda,2021,882.7917175,3.217736618,29.23629578,66.45,45.2,2.204572048,3.416
Uganda,2022,963.0673141,3.00759449,29.92519697,67.675,47.1,7.19578886,2.885
